V1,V2,set
182.0,11584.0,12
0.0,4406.0,12
0.0,4406.0,12
144.0,11143.0,12
134.0,11114.0,12
17.0,6190.0,12
24.0,6799.0,12
2.0,4772.0,12
113.0,10719.0,12
5.0,5114.0,12
11.0,5663.0,12
175.0,11579.0,12
19.0,6320.0,12
35.0,7564.0,12
64.0,8985.0,12
171.0,11552.0,12
8.0,5371.0,12
34.0,7429.0,12
118.0,10733.0,12
41.0,7955.0,12
68.0,9229.0,12
111.0,10650.0,12
21.0,6511.0,12
121.0,10863.0,12
148.0,11212.0,12
179.0,11583.0,12
4.0,4942.0,12
29.0,7112.0,12
124.0,10883.0,12
61.0,8909.0,12
27.0,7046.0,12
12.0,5784.0,12
49.0,8404.0,12
1.0,4630.0,12
44.0,8029.0,12
30.0,7205.0,12
87.0,9980.0,12
67.0,9123.0,12
65.0,9088.0,12
73.0,9441.0,12
32.0,7357.0,12
14.0,5888.0,12
71.0,9358.0,12
3.0,4914.0,12
119.0,10793.0,12
95.0,10232.0,12
168.0,11522.0,12
16.0,6038.0,12
81.0,9706.0,12
54.0,8647.0,12
53.0,8562.0,12
45.0,8166.0,12
105.0,10535.0,12
10.0,5513.0,12
126.0,10940.0,12
100.0,10365.0,12
151.0,11267.0,12
56.0,8683.0,12
57.0,8761.0,12
31.0,7293.0,12
7.0,5256.0,12
15.0,6026.0,12
59.0,8797.0,12
131.0,11026.0,12
47.0,8295.0,12
6.0,5220.0,12
9.0,5509.0,12
153.0,11307.0,12
109.0,10578.0,12
94.0,10171.0,12
39.0,7680.0,12
93.0,10094.0,12
161.0,11435.0,12
97.0,10300.0,12
37.0,7650.0,12
78.0,9617.0,12
46.0,8186.0,12
132.0,11089.0,12
102.0,10401.0,12
26.0,6962.0,12
50.0,8515.0,12
108.0,10551.0,12
40.0,7794.0,12
84.0,9819.0,12
43.0,7982.0,12
76.0,9592.0,12
60.0,8871.0,12
48.0,8330.0,12
129.0,10983.0,12
98.0,10326.0,12
13.0,5851.0,12
74.0,9495.0,12
1.0,4630.0,12
82.0,9807.0,12
75.0,9544.0,12
156.0,11350.0,12
91.0,10073.0,12
158.0,11384.0,12
89.0,9985.0,12
149.0,11232.0,12
159.0,11407.0,12
90.0,10037.0,12
51.0,8527.0,12
26.0,6962.0,12
104.0,10473.0,12
155.0,11327.0,12
128.0,10958.0,12
163.0,11463.0,12
166.0,11503.0,12
22.0,6627.0,12
40.0,7794.0,12
103.0,10452.0,12
79.0,9684.0,12
85.0,9883.0,12
20.0,6413.0,12
85.0,9883.0,12
20.0,6413.0,12
23.0,6711.0,12
70.0,9310.0,12
23.0,6711.0,12
177.0,11587.0,23
0.0,4406.0,23
0.0,4406.0,23
177.0,11587.0,23
16.0,5971.0,23
83.0,9822.0,23
69.0,9310.0,23
12.0,5748.0,23
37.0,7504.0,23
166.0,11496.0,23
17.0,6171.0,23
53.0,8401.0,23
171.0,11534.0,23
98.0,10247.0,23
87.0,9918.0,23
55.0,8596.0,23
102.0,10360.0,23
27.0,6907.0,23
39.0,7663.0,23
34.0,7348.0,23
68.0,9146.0,23
125.0,10870.0,23
128.0,10920.0,23
130.0,10965.0,23
59.0,8789.0,23
43.0,7974.0,23
105.0,10417.0,23
48.0,8148.0,23
95.0,10168.0,23
35.0,7429.0,23
115.0,10645.0,23
54.0,8528.0,23
100.0,10298.0,23
66.0,9117.0,23
142.0,11166.0,23
20.0,6315.0,23
9.0,5423.0,23
57.0,8731.0,23
107.0,10440.0,23
30.0,7099.0,23
141.0,11079.0,23
19.0,6239.0,23
1.0,4630.0,23
8.0,5390.0,23
50.0,8198.0,23
22.0,6548.0,23
7.0,5240.0,23
6.0,5211.0,23
10.0,5578.0,23
64.0,9035.0,23
40.0,7700.0,23
11.0,5597.0,23
136.0,11057.0,23
63.0,8986.0,23
110.0,10555.0,23
92.0,10096.0,23
32.0,7234.0,23
145.0,11189.0,23
109.0,10523.0,23
24.0,6630.0,23
3.0,4915.0,23
163.0,11464.0,23
26.0,6762.0,23
5.0,5065.0,23
45.0,8017.0,23
138.0,11062.0,23
118.0,10674.0,23
42.0,7849.0,23
149.0,11217.0,23
28.0,6999.0,23
25.0,6760.0,23
173.0,11558.0,23
120.0,10763.0,23
14.0,5876.0,23
61.0,8912.0,23
76.0,9569.0,23
88.0,9946.0,23
160.0,11426.0,23
94.0,10128.0,23
2.0,4764.0,23
175.0,11584.0,23
151.0,11258.0,23
3.0,4915.0,23
5.0,5065.0,23
147.0,11200.0,23
90.0,9996.0,23
156.0,11369.0,23
29.0,7046.0,23
91.0,10012.0,23
78.0,9647.0,23
14.0,5876.0,23
74.0,9428.0,23
2.0,4764.0,23
1.0,4630.0,23
31.0,7232.0,23
41.0,7833.0,23
133.0,11014.0,23
51.0,8287.0,23
119.0,10705.0,23
122.0,10794.0,23
113.0,10600.0,23
79.0,9666.0,23
72.0,9394.0,23
133.0,11014.0,23
23.0,6608.0,23
80.0,9732.0,23
75.0,9448.0,23
162.0,11430.0,23
21.0,6429.0,23
77.0,9570.0,23
72.0,9394.0,23
61.0,8912.0,23
51.0,8287.0,23
21.0,6429.0,23
46.0,8078.0,23
58.0,8743.0,23
155.0,11337.0,23
152.0,11286.0,23
113.0,10600.0,23
81.0,9747.0,23
0.0,4406.0,14
0.0,4406.0,14
187.0,11741.0,14
143.0,11399.0,14
157.0,11445.0,14
27.0,6971.0,14
42.0,8192.0,14
25.0,6767.0,14
23.0,6671.0,14
44.0,8345.0,14
49.0,8510.0,14
103.0,10477.0,14
97.0,10430.0,14
184.0,11722.0,14
22.0,6467.0,14
36.0,7572.0,14
51.0,8641.0,14
110.0,10657.0,14
29.0,7096.0,14
69.0,9312.0,14
66.0,9214.0,14
59.0,8865.0,14
33.0,7386.0,14
73.0,9419.0,14
123.0,11104.0,14
179.0,11693.0,14
31.0,7264.0,14
34.0,7461.0,14
20.0,6428.0,14
63.0,9063.0,14
162.0,11509.0,14
13.0,5826.0,14
75.0,9507.0,14
87.0,9990.0,14
105.0,10623.0,14
9.0,5451.0,14
78.0,9607.0,14
65.0,9144.0,14
57.0,8797.0,14
40.0,7886.0,14
15.0,5954.0,14
16.0,6025.0,14
71.0,9350.0,14
126.0,11118.0,14
1.0,4630.0,14
90.0,10044.0,14
80.0,9707.0,14
158.0,11477.0,14
122.0,10964.0,14
92.0,10209.0,14
94.0,10235.0,14
119.0,10907.0,14
129.0,11132.0,14
30.0,7200.0,14
91.0,10096.0,14
115.0,10801.0,14
167.0,11545.0,14
4.0,4923.0,14
41.0,7999.0,14
164.0,11534.0,14
106.0,10641.0,14
95.0,10345.0,14
112.0,10757.0,14
134.0,11248.0,14
18.0,6149.0,14
47.0,8408.0,14
61.0,8955.0,14
77.0,9547.0,14
83.0,9795.0,14
138.0,11279.0,14
169.0,11572.0,14
141.0,11366.0,14
82.0,9712.0,14
139.0,11346.0,14
17.0,6142.0,14
11.0,5667.0,14
56.0,8714.0,14
6.0,5178.0,14
7.0,5335.0,14
54.0,8667.0,14
174.0,11666.0,14
132.0,11189.0,14
84.0,9849.0,14
3.0,4914.0,14
2.0,4765.0,14
136.0,11253.0,14
38.0,7799.0,14
62.0,8966.0,14
5.0,5069.0,14
171.0,11647.0,14
117.0,10848.0,14
19.0,6284.0,14
10.0,5592.0,14
131.0,11173.0,14
2.0,4765.0,14
19.0,6284.0,14
1.0,4630.0,14
37.0,7700.0,14
177.0,11690.0,14
39.0,7809.0,14
96.0,10380.0,14
113.0,10762.0,14
86.0,9918.0,14
14.0,5836.0,14
170.0,11638.0,14
11.0,5667.0,14
41.0,7999.0,14
5.0,5069.0,14
6.0,5178.0,14
85.0,9908.0,14
175.0,11683.0,14
47.0,8408.0,14
37.0,7700.0,14
118.0,10868.0,14
103.0,10477.0,14
55.0,8679.0,14
10.0,5592.0,14
8.0,5392.0,14
8.0,5392.0,14
7.0,5335.0,14
0.0,4406.0,25
202.0,11583.0,25
0.0,4406.0,25
202.0,11583.0,25
189.0,11578.0,25
54.0,8659.0,25
53.0,8341.0,25
177.0,11555.0,25
96.0,9991.0,25
25.0,6836.0,25
32.0,7319.0,25
149.0,11279.0,25
185.0,11562.0,25
167.0,11507.0,25
24.0,6718.0,25
116.0,10648.0,25
8.0,5385.0,25
107.0,10307.0,25
19.0,6311.0,25
11.0,5674.0,25
23.0,6585.0,25
6.0,5184.0,25
113.0,10567.0,25
3.0,4830.0,25
92.0,9910.0,25
61.0,8877.0,25
14.0,5940.0,25
33.0,7539.0,25
20.0,6455.0,25
146.0,11228.0,25
4.0,5004.0,25
65.0,8883.0,25
28.0,6990.0,25
7.0,5270.0,25
2.0,4774.0,25
109.0,10423.0,25
85.0,9746.0,25
67.0,9051.0,25
104.0,10286.0,25
40.0,7778.0,25
48.0,8169.0,25
42.0,7881.0,25
31.0,7278.0,25
141.0,11150.0,25
129.0,10922.0,25
27.0,6961.0,25
70.0,9143.0,25
1.0,4630.0,25
144.0,11175.0,25
16.0,6052.0,25
78.0,9508.0,25
5.0,5039.0,25
157.0,11376.0,25
13.0,5807.0,25
172.0,11509.0,25
49.0,8306.0,25
29.0,7163.0,25
88.0,9802.0,25
66.0,9016.0,25
81.0,9605.0,25
102.0,10217.0,25
57.0,8668.0,25
138.0,11126.0,25
21.0,6522.0,25
72.0,9273.0,25
17.0,6213.0,25
45.0,7967.0,25
74.0,9297.0,25
97.0,10115.0,25
59.0,8801.0,25
10.0,5532.0,25
126.0,10847.0,25
173.0,11540.0,25
153.0,11311.0,25
76.0,9410.0,25
119.0,10674.0,25
46.0,8063.0,25
37.0,7714.0,25
164.0,11471.0,25
154.0,11320.0,25
12.0,5764.0,25
58.0,8754.0,25
80.0,9521.0,25
112.0,10489.0,25
132.0,11011.0,25
130.0,10967.0,25
43.0,7937.0,25
161.0,11412.0,25
136.0,11091.0,25
123.0,10777.0,25
75.0,9397.0,25
15.0,6029.0,25
100.0,10142.0,25
35.0,7650.0,25
1.0,4630.0,25
159.0,11391.0,25
51.0,8307.0,25
47.0,8111.0,25
89.0,9843.0,25
125.0,10839.0,25
83.0,9652.0,25
91.0,9872.0,25
111.0,10435.0,25
39.0,7721.0,25
18.0,6215.0,25
9.0,5516.0,25
163.0,11438.0,25
84.0,9674.0,25
122.0,10761.0,25
186.0,11565.0,25
29.0,7163.0,25
33.0,7539.0,25
101.0,10155.0,25
134.0,11027.0,25
71.0,9169.0,25
135.0,11044.0,25
35.0,7650.0,25
120.0,10721.0,25
120.0,10721.0,25
97.0,10115.0,25
182.0,11590.0,16
0.0,4428.0,16
0.0,4428.0,16
155.0,11410.0,16
171.0,11537.0,16
161.0,11529.0,16
125.0,11009.0,16
122.0,10896.0,16
41.0,8139.0,16
49.0,8599.0,16
106.0,10533.0,16
85.0,9916.0,16
39.0,7932.0,16
90.0,9937.0,16
130.0,11048.0,16
60.0,8946.0,16
148.0,11386.0,16
61.0,9103.0,16
3.0,4915.0,16
98.0,10305.0,16
119.0,10817.0,16
52.0,8669.0,16
25.0,6897.0,16
78.0,9592.0,16
67.0,9296.0,16
48.0,8435.0,16
17.0,6185.0,16
173.0,11571.0,16
22.0,6636.0,16
6.0,5206.0,16
5.0,5074.0,16
81.0,9668.0,16
145.0,11347.0,16
84.0,9799.0,16
118.0,10745.0,16
72.0,9469.0,16
115.0,10705.0,16
7.0,5276.0,16
75.0,9496.0,16
24.0,6738.0,16
35.0,7646.0,16
9.0,5541.0,16
104.0,10474.0,16
177.0,11587.0,16
53.0,8743.0,16
10.0,5570.0,16
94.0,10096.0,16
45.0,8329.0,16
97.0,10137.0,16
36.0,7759.0,16
34.0,7580.0,16
70.0,9313.0,16
29.0,7246.0,16
33.0,7479.0,16
1.0,4629.0,16
4.0,5004.0,16
43.0,8173.0,16
133.0,11156.0,16
71.0,9384.0,16
44.0,8258.0,16
143.0,11307.0,16
55.0,8804.0,16
16.0,6080.0,16
31.0,7363.0,16
66.0,9179.0,16
140.0,11262.0,16
132.0,11070.0,16
47.0,8389.0,16
37.0,7814.0,16
27.0,6993.0,16
110.0,10617.0,16
57.0,8820.0,16
21.0,6511.0,16
102.0,10434.0,16
100.0,10330.0,16
110.0,10617.0,16
179.0,11589.0,16
135.0,11189.0,16
63.0,9142.0,16
38.0,7900.0,16
30.0,7264.0,16
32.0,7418.0,16
92.0,10043.0,16
8.0,5392.0,16
19.0,6398.0,16
28.0,7098.0,16
159.0,11518.0,16
91.0,10025.0,16
2.0,4771.0,16
101.0,10389.0,16
12.0,5674.0,16
1.0,4629.0,16
2.0,4771.0,16
23.0,6717.0,16
13.0,5778.0,16
14.0,5916.0,16
26.0,6958.0,16
159.0,11518.0,16
83.0,9725.0,16
141.0,11270.0,16
8.0,5392.0,16
65.0,9143.0,16
76.0,9572.0,16
14.0,5916.0,16
15.0,6031.0,16
19.0,6398.0,16
21.0,6511.0,16
58.0,8891.0,16
113.0,10674.0,16
18.0,6289.0,16
137.0,11196.0,16
28.0,7098.0,16
12.0,5674.0,16
18.0,6289.0,16
13.0,5778.0,16
148.0,11386.0,16
113.0,10674.0,16
82.0,9713.0,16
137.0,11196.0,16
58.0,8891.0,16
182.0,11590.0,0
0.0,4406.0,0
182.0,11590.0,0
0.0,4406.0,0
63.0,9141.0,0
171.0,11532.0,0
53.0,8766.0,0
22.0,6726.0,0
54.0,8936.0,0
39.0,7914.0,0
27.0,7029.0,0
15.0,5991.0,0
161.0,11411.0,0
24.0,6829.0,0
26.0,6930.0,0
70.0,9378.0,0
49.0,8568.0,0
21.0,6462.0,0
126.0,10836.0,0
109.0,10495.0,0
175.0,11583.0,0
47.0,8432.0,0
71.0,9508.0,0
106.0,10455.0,0
28.0,7190.0,0
13.0,5838.0,0
177.0,11589.0,0
111.0,10553.0,0
79.0,9701.0,0
167.0,11503.0,0
12.0,5670.0,0
32.0,7444.0,0
104.0,10404.0,0
89.0,10001.0,0
1.0,4630.0,0
68.0,9310.0,0
77.0,9628.0,0
35.0,7684.0,0
7.0,5223.0,0
51.0,8699.0,0
148.0,11177.0,0
59.0,9067.0,0
33.0,7571.0,0
6.0,5187.0,0
10.0,5535.0,0
74.0,9510.0,0
9.0,5478.0,0
86.0,9965.0,0
164.0,11456.0,0
122.0,10807.0,0
151.0,11221.0,0
76.0,9559.0,0
43.0,8132.0,0
3.0,4908.0,0
114.0,10659.0,0
37.0,7815.0,0
14.0,5875.0,0
60.0,9085.0,0
102.0,10347.0,0
31.0,7383.0,0
30.0,7294.0,0
117.0,10687.0,0
45.0,8316.0,0
113.0,10611.0,0
40.0,8037.0,0
4.0,4927.0,0
141.0,11075.0,0
155.0,11323.0,0
11.0,5650.0,0
95.0,10147.0,0
16.0,6125.0,0
66.0,9275.0,0
90.0,10071.0,0
134.0,10968.0,0
50.0,8627.0,0
36.0,7799.0,0
136.0,10999.0,0
152.0,11257.0,0
128.0,10869.0,0
97.0,10257.0,0
46.0,8393.0,0
100.0,10273.0,0
34.0,7618.0,0
85.0,9912.0,0
146.0,11164.0,0
96.0,10230.0,0
16.0,6125.0,0
18.0,6273.0,0
143.0,11120.0,0
81.0,9742.0,0
154.0,11312.0,0
120.0,10741.0,0
82.0,9768.0,0
29.0,7235.0,0
18.0,6273.0,0
8.0,5366.0,0
92.0,10094.0,0
23.0,6727.0,0
2.0,4772.0,0
1.0,4630.0,0
138.0,11020.0,0
5.0,5050.0,0
2.0,4772.0,0
139.0,11058.0,0
132.0,10946.0,0
118.0,10727.0,0
93.0,10135.0,0
56.0,8989.0,0
166.0,11460.0,0
158.0,11369.0,0
20.0,6438.0,0
130.0,10881.0,0
83.0,9847.0,0
5.0,5050.0,0
144.0,11143.0,0
158.0,11369.0,0
56.0,8989.0,0
44.0,8247.0,0
42.0,8091.0,0
66.0,9275.0,0
180.0,11590.0,7
0.0,4406.0,7
0.0,4406.0,7
180.0,11590.0,7
175.0,11583.0,7
163.0,11582.0,7
24.0,6661.0,7
150.0,11300.0,7
28.0,6975.0,7
5.0,5114.0,7
55.0,8505.0,7
22.0,6449.0,7
49.0,8065.0,7
27.0,6751.0,7
121.0,10860.0,7
59.0,8665.0,7
54.0,8332.0,7
50.0,8230.0,7
143.0,11297.0,7
7.0,5202.0,7
134.0,11112.0,7
93.0,10002.0,7
14.0,5826.0,7
31.0,7110.0,7
16.0,6037.0,7
15.0,5897.0,7
107.0,10468.0,7
106.0,10352.0,7
44.0,7781.0,7
128.0,11001.0,7
21.0,6430.0,7
9.0,5411.0,7
125.0,10914.0,7
95.0,10083.0,7
34.0,7277.0,7
41.0,7680.0,7
154.0,11387.0,7
1.0,4630.0,7
19.0,6294.0,7
3.0,4908.0,7
156.0,11463.0,7
138.0,11127.0,7
62.0,8861.0,7
30.0,7018.0,7
119.0,10817.0,7
74.0,9361.0,7
45.0,7894.0,7
100.0,10236.0,7
161.0,11516.0,7
152.0,11357.0,7
72.0,9282.0,7
98.0,10185.0,7
35.0,7382.0,7
10.0,5495.0,7
103.0,10343.0,7
40.0,7545.0,7
12.0,5722.0,7
89.0,9860.0,7
48.0,7961.0,7
115.0,10671.0,7
102.0,10274.0,7
75.0,9415.0,7
17.0,6110.0,7
56.0,8614.0,7
97.0,10112.0,7
112.0,10571.0,7
131.0,11013.0,7
42.0,7732.0,7
113.0,10629.0,7
140.0,11213.0,7
69.0,9211.0,7
132.0,11063.0,7
19.0,6294.0,7
36.0,7438.0,7
26.0,6716.0,7
77.0,9467.0,7
38.0,7475.0,7
4.0,4947.0,7
126.0,10931.0,7
142.0,11269.0,7
118.0,10725.0,7
61.0,8823.0,7
91.0,9946.0,7
83.0,9662.0,7
11.0,5570.0,7
71.0,9237.0,7
87.0,9813.0,7
81.0,9630.0,7
46.0,7953.0,7
68.0,9138.0,7
80.0,9595.0,7
2.0,4765.0,7
109.0,10523.0,7
1.0,4630.0,7
2.0,4765.0,7
117.0,10698.0,7
86.0,9790.0,7
79.0,9525.0,7
57.0,8648.0,7
110.0,10527.0,7
67.0,9105.0,7
85.0,9720.0,7
139.0,11170.0,7
90.0,9925.0,7
33.0,7193.0,7
52.0,8306.0,7
64.0,8959.0,7
51.0,8294.0,7
17.0,6110.0,7
158.0,11488.0,7
8.0,5301.0,7
39.0,7526.0,7
66.0,9051.0,7
12.0,5722.0,7
8.0,5301.0,7
64.0,8959.0,7
84.0,9704.0,7
78.0,9503.0,7
33.0,7193.0,7
61.0,8823.0,7
163.0,11916.0,29
163.0,11916.0,29
0.0,4406.0,29
0.0,4406.0,29
117.0,10697.0,29
156.0,11695.0,29
12.0,5684.0,29
79.0,9582.0,29
153.0,11686.0,29
52.0,8380.0,29
27.0,6990.0,29
35.0,7551.0,29
108.0,10501.0,29
140.0,11553.0,29
20.0,6412.0,29
106.0,10362.0,29
130.0,11254.0,29
120.0,10968.0,29
113.0,10656.0,29
9.0,5424.0,29
49.0,8229.0,29
30.0,7164.0,29
150.0,11615.0,29
22.0,6592.0,29
28.0,7113.0,29
39.0,7809.0,29
3.0,4915.0,29
123.0,11035.0,29
103.0,10280.0,29
25.0,6835.0,29
4.0,4977.0,29
42.0,7955.0,29
50.0,8265.0,29
65.0,8995.0,29
17.0,6105.0,29
41.0,7839.0,29
94.0,9925.0,29
118.0,10855.0,29
67.0,9038.0,29
21.0,6466.0,29
68.0,9130.0,29
133.0,11267.0,29
6.0,5220.0,29
1.0,4630.0,29
54.0,8437.0,29
125.0,11158.0,29
31.0,7295.0,29
70.0,9171.0,29
37.0,7589.0,29
91.0,9834.0,29
83.0,9589.0,29
16.0,6068.0,29
18.0,6263.0,29
59.0,8670.0,29
96.0,10007.0,29
26.0,6850.0,29
57.0,8649.0,29
64.0,8887.0,29
160.0,11855.0,29
13.0,5829.0,29
46.0,8122.0,29
56.0,8565.0,29
135.0,11347.0,29
11.0,5560.0,29
86.0,9718.0,29
92.0,9912.0,29
78.0,9459.0,29
74.0,9341.0,29
72.0,9253.0,29
137.0,11435.0,29
8.0,5301.0,29
45.0,8023.0,29
62.0,8782.0,29
105.0,10299.0,29
55.0,8506.0,29
110.0,10531.0,29
89.0,9731.0,29
32.0,7335.0,29
124.0,11082.0,29
137.0,11435.0,29
99.0,10128.0,29
14.0,5832.0,29
148.0,11597.0,29
44.0,7991.0,29
85.0,9683.0,29
119.0,10883.0,29
97.0,10036.0,29
162.0,11901.0,29
63.0,8844.0,29
90.0,9750.0,29
18.0,6263.0,29
159.0,11799.0,29
76.0,9370.0,29
23.0,6693.0,29
146.0,11593.0,29
2.0,4770.0,29
23.0,6693.0,29
38.0,7667.0,29
127.0,11207.0,29
101.0,10185.0,29
84.0,9605.0,29
2.0,4770.0,29
1.0,4630.0,29
98.0,10116.0,29
5.0,5114.0,29
77.0,9445.0,29
33.0,7419.0,29
33.0,7419.0,29
71.0,9252.0,29
142.0,11556.0,29
7.0,5292.0,29
134.0,11340.0,29
15.0,5944.0,29
112.0,10592.0,29
10.0,5543.0,29
61.0,8714.0,29
15.0,5944.0,29
111.0,10581.0,29
46.0,8122.0,29
5.0,5114.0,29
0.0,4406.0,8
0.0,4406.0,8
189.0,11586.0,8
189.0,11586.0,8
40.0,7842.0,8
181.0,11585.0,8
11.0,5683.0,8
10.0,5511.0,8
13.0,5814.0,8
37.0,7689.0,8
175.0,11556.0,8
170.0,11507.0,8
22.0,6651.0,8
62.0,8807.0,8
160.0,11390.0,8
14.0,5964.0,8
5.0,5114.0,8
34.0,7478.0,8
54.0,8535.0,8
64.0,8899.0,8
134.0,10930.0,8
66.0,8941.0,8
155.0,11322.0,8
29.0,7093.0,8
7.0,5248.0,8
21.0,6451.0,8
45.0,8045.0,8
31.0,7335.0,8
137.0,10959.0,8
26.0,6925.0,8
41.0,7964.0,8
105.0,10292.0,8
2.0,4774.0,8
3.0,4819.0,8
25.0,6854.0,8
56.0,8608.0,8
72.0,9286.0,8
1.0,4629.0,8
164.0,11448.0,8
114.0,10440.0,8
158.0,11372.0,8
32.0,7410.0,8
68.0,9099.0,8
178.0,11581.0,8
60.0,8746.0,8
128.0,10797.0,8
77.0,9457.0,8
79.0,9501.0,8
97.0,10121.0,8
19.0,6331.0,8
75.0,9400.0,8
100.0,10167.0,8
50.0,8323.0,8
46.0,8161.0,8
116.0,10473.0,8
167.0,11505.0,8
67.0,9069.0,8
131.0,10902.0,8
83.0,9670.0,8
122.0,10667.0,8
43.0,7998.0,8
102.0,10239.0,8
125.0,10724.0,8
48.0,8277.0,8
150.0,11225.0,8
148.0,11193.0,8
74.0,9323.0,8
51.0,8404.0,8
18.0,6277.0,8
130.0,10849.0,8
143.0,11072.0,8
88.0,9809.0,8
142.0,10996.0,8
117.0,10565.0,8
8.0,5382.0,8
6.0,5180.0,8
92.0,9981.0,8
35.0,7583.0,8
146.0,11148.0,8
24.0,6736.0,8
111.0,10404.0,8
27.0,7048.0,8
20.0,6450.0,8
90.0,9868.0,8
47.0,8208.0,8
145.0,11099.0,8
70.0,9212.0,8
91.0,9890.0,8
4.0,4964.0,8
126.0,10746.0,8
1.0,4629.0,8
15.0,6037.0,8
4.0,4964.0,8
17.0,6182.0,8
36.0,7610.0,8
59.0,8665.0,8
94.0,9985.0,8
87.0,9768.0,8
80.0,9593.0,8
17.0,6182.0,8
165.0,11459.0,8
86.0,9711.0,8
58.0,8646.0,8
152.0,11270.0,8
8.0,5382.0,8
153.0,11280.0,8
23.0,6725.0,8
95.0,10043.0,8
118.0,10609.0,8
30.0,7214.0,8
30.0,7214.0,8
96.0,10069.0,8
70.0,9212.0,8
82.0,9630.0,8
15.0,6037.0,8
101.0,10213.0,8
107.0,10319.0,8
120.0,10611.0,8
52.0,8473.0,8
107.0,10319.0,8
188.0,11592.0,15
188.0,11592.0,15
0.0,4428.0,15
0.0,4428.0,15
32.0,7199.0,15
34.0,7447.0,15
54.0,8662.0,15
22.0,6567.0,15
47.0,8213.0,15
24.0,6761.0,15
155.0,11387.0,15
84.0,9856.0,15
82.0,9717.0,15
133.0,10953.0,15
21.0,6507.0,15
45.0,8093.0,15
7.0,5301.0,15
51.0,8508.0,15
20.0,6309.0,15
28.0,6931.0,15
8.0,5404.0,15
3.0,4915.0,15
179.0,11587.0,15
13.0,5815.0,15
29.0,7071.0,15
149.0,11307.0,15
130.0,10896.0,15
91.0,10051.0,15
121.0,10779.0,15
57.0,8793.0,15
17.0,6099.0,15
110.0,10506.0,15
6.0,5150.0,15
12.0,5755.0,15
86.0,9902.0,15
50.0,8363.0,15
135.0,11040.0,15
15.0,5948.0,15
70.0,9195.0,15
53.0,8569.0,15
112.0,10566.0,15
48.0,8345.0,15
169.0,11484.0,15
65.0,9072.0,15
4.0,5004.0,15
37.0,7586.0,15
100.0,10264.0,15
35.0,7509.0,15
58.0,8794.0,15
114.0,10621.0,15
119.0,10709.0,15
31.0,7120.0,15
18.0,6183.0,15
1.0,4630.0,15
89.0,9946.0,15
41.0,7906.0,15
11.0,5610.0,15
26.0,6869.0,15
94.0,10129.0,15
184.0,11588.0,15
44.0,7997.0,15
164.0,11458.0,15
16.0,5975.0,15
142.0,11194.0,15
68.0,9157.0,15
5.0,5096.0,15
176.0,11577.0,15
165.0,11475.0,15
145.0,11258.0,15
108.0,10436.0,15
98.0,10200.0,15
137.0,11142.0,15
160.0,11437.0,15
153.0,11352.0,15
171.0,11509.0,15
75.0,9414.0,15
43.0,7939.0,15
102.0,10303.0,15
105.0,10369.0,15
160.0,11437.0,15
19.0,6264.0,15
40.0,7815.0,15
38.0,7651.0,15
76.0,9523.0,15
67.0,9085.0,15
124.0,10804.0,15
127.0,10889.0,15
151.0,11328.0,15
80.0,9671.0,15
71.0,9315.0,15
140.0,11174.0,15
2.0,4764.0,15
97.0,10165.0,15
25.0,6813.0,15
107.0,10406.0,15
90.0,9989.0,15
104.0,10316.0,15
116.0,10660.0,15
136.0,11114.0,15
9.0,5541.0,15
1.0,4630.0,15
2.0,4764.0,15
78.0,9594.0,15
40.0,7815.0,15
62.0,8890.0,15
63.0,8980.0,15
145.0,11258.0,15
173.0,11541.0,15
117.0,10685.0,15
185.0,11589.0,15
79.0,9634.0,15
95.0,10130.0,15
174.0,11558.0,15
74.0,9392.0,15
77.0,9539.0,15
10.0,5593.0,15
38.0,7651.0,15
124.0,10804.0,15
61.0,8889.0,15
63.0,8980.0,15
0.0,4428.0,2
188.0,11588.0,2
0.0,4428.0,2
188.0,11588.0,2
166.0,11474.0,2
156.0,11471.0,2
105.0,10325.0,2
53.0,8351.0,2
143.0,11338.0,2
15.0,6014.0,2
126.0,10950.0,2
17.0,6193.0,2
24.0,6787.0,2
55.0,8504.0,2
116.0,10622.0,2
148.0,11357.0,2
103.0,10199.0,2
75.0,9394.0,2
129.0,11062.0,2
187.0,11587.0,2
88.0,9870.0,2
93.0,9950.0,2
5.0,5114.0,2
29.0,7031.0,2
86.0,9752.0,2
153.0,11453.0,2
113.0,10526.0,2
150.0,11412.0,2
7.0,5249.0,2
18.0,6272.0,2
123.0,10917.0,2
60.0,8701.0,2
90.0,9900.0,2
59.0,8592.0,2
180.0,11586.0,2
73.0,9305.0,2
65.0,9005.0,2
120.0,10730.0,2
118.0,10678.0,2
2.0,4765.0,2
40.0,7796.0,2
100.0,10196.0,2
13.0,5885.0,2
62.0,8749.0,2
49.0,8153.0,2
96.0,10066.0,2
56.0,8585.0,2
47.0,8005.0,2
39.0,7693.0,2
82.0,9677.0,2
1.0,4629.0,2
67.0,9049.0,2
3.0,4808.0,2
135.0,11121.0,2
112.0,10487.0,2
31.0,7126.0,2
109.0,10444.0,2
50.0,8270.0,2
95.0,10009.0,2
77.0,9466.0,2
71.0,9282.0,2
42.0,7832.0,2
63.0,8834.0,2
84.0,9733.0,2
20.0,6399.0,2
4.0,4925.0,2
35.0,7531.0,2
48.0,8103.0,2
138.0,11214.0,2
78.0,9509.0,2
172.0,11551.0,2
27.0,6984.0,2
68.0,9129.0,2
22.0,6655.0,2
80.0,9572.0,2
6.0,5147.0,2
10.0,5460.0,2
23.0,6687.0,2
137.0,11153.0,2
132.0,11108.0,2
14.0,5924.0,2
19.0,6398.0,2
32.0,7150.0,2
11.0,5592.0,2
12.0,5751.0,2
109.0,10444.0,2
169.0,11493.0,2
45.0,7977.0,2
21.0,6549.0,2
174.0,11580.0,2
33.0,7252.0,2
34.0,7398.0,2
8.0,5354.0,2
81.0,9608.0,2
26.0,6930.0,2
121.0,10825.0,2
43.0,7910.0,2
1.0,4629.0,2
170.0,11514.0,2
12.0,5751.0,2
34.0,7398.0,2
70.0,9190.0,2
11.0,5592.0,2
38.0,7632.0,2
122.0,10830.0,2
140.0,11262.0,2
37.0,7600.0,2
131.0,11067.0,2
177.0,11585.0,2
4.0,4925.0,2
140.0,11262.0,2
98.0,10137.0,2
36.0,7546.0,2
21.0,6549.0,2
10.0,5460.0,2
8.0,5354.0,2
44.0,7931.0,2
64.0,8901.0,2
33.0,7252.0,2
69.0,9188.0,2
187.0,11584.0,19
0.0,4406.0,19
0.0,4406.0,19
6.0,5187.0,19
147.0,11243.0,19
36.0,7530.0,19
4.0,4933.0,19
143.0,11167.0,19
84.0,9814.0,19
2.0,4723.0,19
152.0,11293.0,19
112.0,10559.0,19
47.0,8315.0,19
31.0,7165.0,19
10.0,5550.0,19
182.0,11583.0,19
35.0,7404.0,19
50.0,8379.0,19
115.0,10654.0,19
99.0,10267.0,19
23.0,6581.0,19
136.0,11045.0,19
96.0,10206.0,19
12.0,5609.0,19
3.0,4915.0,19
122.0,10794.0,19
68.0,9202.0,19
43.0,8022.0,19
52.0,8536.0,19
16.0,6036.0,19
15.0,5915.0,19
91.0,9994.0,19
14.0,5841.0,19
88.0,9961.0,19
1.0,4630.0,19
109.0,10553.0,19
9.0,5413.0,19
7.0,5335.0,19
74.0,9486.0,19
124.0,10849.0,19
119.0,10761.0,19
81.0,9747.0,19
44.0,8102.0,19
28.0,6907.0,19
32.0,7271.0,19
33.0,7337.0,19
139.0,11084.0,19
161.0,11431.0,19
54.0,8626.0,19
25.0,6811.0,19
42.0,7900.0,19
140.0,11139.0,19
60.0,8799.0,19
51.0,8468.0,19
63.0,8893.0,19
30.0,7020.0,19
92.0,10079.0,19
157.0,11383.0,19
70.0,9307.0,19
165.0,11463.0,19
58.0,8762.0,19
54.0,8626.0,19
176.0,11561.0,19
66.0,9065.0,19
21.0,6475.0,19
26.0,6878.0,19
73.0,9391.0,19
61.0,8881.0,19
108.0,10452.0,19
38.0,7700.0,19
133.0,11018.0,19
44.0,8102.0,19
80.0,9715.0,19
87.0,9884.0,19
64.0,8998.0,19
58.0,8762.0,19
29.0,7012.0,19
107.0,10421.0,19
19.0,6246.0,19
170.0,11555.0,19
39.0,7768.0,19
22.0,6491.0,19
47.0,8315.0,19
155.0,11339.0,19
105.0,10379.0,19
126.0,10896.0,19
95.0,10126.0,19
104.0,10359.0,19
19.0,6246.0,19
17.0,6111.0,19
24.0,6716.0,19
42.0,7900.0,19
39.0,7768.0,19
79.0,9630.0,19
101.0,10317.0,19
77.0,9549.0,19
117.0,10733.0,19
94.0,10108.0,19
154.0,11320.0,19
70.0,9307.0,19
172.0,11557.0,19
78.0,9622.0,19
174.0,11560.0,19
20.0,6356.0,19
127.0,10911.0,19
102.0,10320.0,19
116.0,10712.0,19
13.0,5724.0,19
129.0,10938.0,19
8.0,5368.0,19
13.0,5724.0,19
17.0,6111.0,19
20.0,6356.0,19
165.0,11463.0,19
38.0,7700.0,19
65.0,9008.0,19
168.0,11527.0,19
168.0,11527.0,19
159.0,11407.0,19
179.0,11580.0,19
0.0,4406.0,20
0.0,4406.0,20
183.0,11591.0,20
46.0,8416.0,20
100.0,10224.0,20
95.0,10149.0,20
23.0,6759.0,20
117.0,10753.0,20
33.0,7405.0,20
5.0,5068.0,20
34.0,7610.0,20
11.0,5665.0,20
120.0,10824.0,20
177.0,11590.0,20
45.0,8183.0,20
25.0,6853.0,20
105.0,10375.0,20
22.0,6573.0,20
88.0,10018.0,20
108.0,10474.0,20
83.0,9751.0,20
10.0,5521.0,20
66.0,9046.0,20
18.0,6223.0,20
43.0,8071.0,20
8.0,5383.0,20
141.0,11102.0,20
68.0,9242.0,20
147.0,11239.0,20
169.0,11501.0,20
58.0,8810.0,20
67.0,9147.0,20
49.0,8459.0,20
32.0,7332.0,20
69.0,9350.0,20
51.0,8493.0,20
21.0,6524.0,20
1.0,4630.0,20
93.0,10043.0,20
17.0,6154.0,20
125.0,10868.0,20
144.0,11179.0,20
128.0,10903.0,20
6.0,5172.0,20
52.0,8609.0,20
28.0,7070.0,20
102.0,10301.0,20
2.0,4765.0,20
166.0,11484.0,20
71.0,9392.0,20
87.0,9972.0,20
19.0,6363.0,20
123.0,10840.0,20
115.0,10641.0,20
112.0,10573.0,20
137.0,11078.0,20
134.0,10970.0,20
151.0,11246.0,20
61.0,8845.0,20
15.0,6022.0,20
136.0,10975.0,20
85.0,9893.0,20
164.0,11451.0,20
57.0,8726.0,20
42.0,7970.0,20
55.0,8709.0,20
54.0,8626.0,20
9.0,5451.0,20
172.0,11526.0,20
39.0,7882.0,20
38.0,7834.0,20
72.0,9476.0,20
29.0,7242.0,20
16.0,6042.0,20
30.0,7253.0,20
41.0,7931.0,20
62.0,8884.0,20
13.0,5770.0,20
158.0,11375.0,20
4.0,4908.0,20
131.0,10940.0,20
64.0,8976.0,20
103.0,10356.0,20
44.0,8177.0,20
175.0,11587.0,20
162.0,11422.0,20
114.0,10633.0,20
94.0,10044.0,20
12.0,5767.0,20
26.0,6957.0,20
154.0,11298.0,20
139.0,11091.0,20
82.0,9717.0,20
173.0,11559.0,20
76.0,9564.0,20
145.0,11202.0,20
7.0,5245.0,20
20.0,6386.0,20
1.0,4630.0,20
37.0,7746.0,20
78.0,9636.0,20
111.0,10515.0,20
63.0,8972.0,20
152.0,11274.0,20
14.0,5893.0,20
14.0,5893.0,20
110.0,10479.0,20
85.0,9893.0,20
36.0,7739.0,20
74.0,9532.0,20
154.0,11298.0,20
158.0,11375.0,20
130.0,10928.0,20
26.0,6957.0,20
28.0,7070.0,20
77.0,9593.0,20
81.0,9649.0,20
4.0,4908.0,20
3.0,4801.0,20
73.0,9526.0,20
0.0,4406.0,27
0.0,4406.0,27
201.0,11632.0,27
190.0,11600.0,27
181.0,11593.0,27
18.0,6291.0,27
76.0,9635.0,27
65.0,9270.0,27
69.0,9315.0,27
152.0,11382.0,27
79.0,9760.0,27
39.0,8039.0,27
159.0,11392.0,27
83.0,9932.0,27
98.0,10302.0,27
122.0,10927.0,27
127.0,10970.0,27
118.0,10798.0,27
146.0,11287.0,27
82.0,9792.0,27
197.0,11610.0,27
48.0,8536.0,27
93.0,10174.0,27
149.0,11360.0,27
26.0,7087.0,27
22.0,6617.0,27
40.0,8232.0,27
140.0,11210.0,27
95.0,10244.0,27
23.0,6778.0,27
63.0,9131.0,27
143.0,11255.0,27
55.0,8828.0,27
8.0,5340.0,27
167.0,11521.0,27
56.0,8944.0,27
13.0,5749.0,27
24.0,6849.0,27
121.0,10848.0,27
42.0,8240.0,27
14.0,5859.0,27
43.0,8394.0,27
36.0,7850.0,27
103.0,10474.0,27
49.0,8685.0,27
32.0,7558.0,27
1.0,4630.0,27
11.0,5539.0,27
4.0,4918.0,27
30.0,7305.0,27
106.0,10491.0,27
170.0,11552.0,27
91.0,10076.0,27
116.0,10703.0,27
58.0,9001.0,27
138.0,11126.0,27
164.0,11486.0,27
21.0,6541.0,27
73.0,9565.0,27
176.0,11585.0,27
60.0,9040.0,27
15.0,5946.0,27
5.0,5099.0,27
6.0,5207.0,27
112.0,10674.0,27
99.0,10441.0,27
176.0,11585.0,27
17.0,6115.0,27
2.0,4765.0,27
34.0,7732.0,27
7.0,5243.0,27
131.0,11025.0,27
20.0,6459.0,27
137.0,11082.0,27
9.0,5456.0,27
29.0,7234.0,27
62.0,9080.0,27
129.0,11007.0,27
45.0,8400.0,27
87.0,9960.0,27
35.0,7735.0,27
4.0,4918.0,27
2.0,4765.0,27
72.0,9551.0,27
89.0,10007.0,27
107.0,10580.0,27
161.0,11411.0,27
38.0,7939.0,27
163.0,11432.0,27
31.0,7413.0,27
53.0,8762.0,27
50.0,8725.0,27
100.0,10444.0,27
71.0,9449.0,27
114.0,10701.0,27
1.0,4630.0,27
71.0,9449.0,27
33.0,7602.0,27
198.0,11628.0,27
26.0,7087.0,27
37.0,7928.0,27
108.0,10604.0,27
134.0,11069.0,27
10.0,5468.0,27
20.0,6459.0,27
12.0,5655.0,27
46.0,8480.0,27
133.0,11068.0,27
52.0,8756.0,27
5.0,5099.0,27
17.0,6115.0,27
16.0,6007.0,27
31.0,7413.0,27
24.0,6849.0,27
90.0,10039.0,27
170.0,11552.0,27
12.0,5655.0,27
28.0,7177.0,27
28.0,7177.0,27
110.0,10630.0,27
185.0,11581.0,13
0.0,4406.0,13
0.0,4406.0,13
41.0,7977.0,13
1.0,4630.0,13
45.0,8070.0,13
175.0,11548.0,13
184.0,11579.0,13
51.0,8315.0,13
84.0,9722.0,13
64.0,8950.0,13
97.0,10108.0,13
87.0,9818.0,13
79.0,9541.0,13
17.0,6171.0,13
95.0,10054.0,13
30.0,7244.0,13
36.0,7610.0,13
93.0,9952.0,13
40.0,7775.0,13
21.0,6549.0,13
48.0,8227.0,13
165.0,11493.0,13
10.0,5493.0,13
169.0,11543.0,13
7.0,5270.0,13
135.0,11042.0,13
29.0,7072.0,13
24.0,6689.0,13
5.0,5114.0,13
46.0,8222.0,13
99.0,10233.0,13
53.0,8411.0,13
127.0,10915.0,13
103.0,10278.0,13
16.0,6021.0,13
76.0,9363.0,13
19.0,6322.0,13
149.0,11313.0,13
23.0,6619.0,13
33.0,7382.0,13
32.0,7262.0,13
125.0,10841.0,13
62.0,8898.0,13
120.0,10719.0,13
35.0,7472.0,13
2.0,4774.0,13
88.0,9900.0,13
90.0,9949.0,13
152.0,11325.0,13
8.0,5328.0,13
9.0,5435.0,13
56.0,8492.0,13
110.0,10458.0,13
174.0,11544.0,13
156.0,11398.0,13
73.0,9348.0,13
11.0,5644.0,13
3.0,4800.0,13
59.0,8709.0,13
18.0,6257.0,13
154.0,11363.0,13
4.0,4925.0,13
83.0,9603.0,13
68.0,9126.0,13
116.0,10598.0,13
66.0,9091.0,13
61.0,8813.0,13
82.0,9572.0,13
15.0,5989.0,13
161.0,11475.0,13
69.0,9196.0,13
114.0,10553.0,13
123.0,10739.0,13
25.0,6819.0,13
144.0,11228.0,13
28.0,7043.0,13
167.0,11529.0,13
71.0,9223.0,13
72.0,9284.0,13
13.0,5757.0,13
138.0,11066.0,13
100.0,10262.0,13
129.0,10956.0,13
54.0,8469.0,13
58.0,8607.0,13
39.0,7756.0,13
57.0,8592.0,13
147.0,11262.0,13
6.0,5122.0,13
105.0,10331.0,13
60.0,8758.0,13
107.0,10412.0,13
124.0,10777.0,13
119.0,10645.0,13
27.0,6944.0,13
112.0,10540.0,13
141.0,11187.0,13
34.0,7439.0,13
77.0,9451.0,13
37.0,7697.0,13
25.0,6819.0,13
14.0,5882.0,13
4.0,4925.0,13
27.0,6944.0,13
118.0,10617.0,13
158.0,11443.0,13
111.0,10495.0,13
131.0,10960.0,13
131.0,10960.0,13
106.0,10348.0,13
142.0,11188.0,13
20.0,6437.0,13
11.0,5644.0,13
13.0,5757.0,13
20.0,6437.0,13
146.0,11240.0,13
14.0,5882.0,13
139.0,11132.0,13
136.0,11046.0,13
183.0,11590.0,18
0.0,4406.0,18
0.0,4406.0,18
183.0,11590.0,18
26.0,6858.0,18
39.0,7695.0,18
30.0,7110.0,18
154.0,11391.0,18
37.0,7603.0,18
177.0,11589.0,18
117.0,10736.0,18
143.0,11233.0,18
25.0,6582.0,18
72.0,9341.0,18
46.0,8099.0,18
92.0,10083.0,18
69.0,9236.0,18
96.0,10142.0,18
80.0,9727.0,18
121.0,10766.0,18
36.0,7442.0,18
15.0,5981.0,18
12.0,5722.0,18
34.0,7397.0,18
5.0,5074.0,18
8.0,5325.0,18
55.0,8651.0,18
32.0,7292.0,18
19.0,6253.0,18
64.0,8972.0,18
40.0,7898.0,18
174.0,11581.0,18
147.0,11291.0,18
126.0,10846.0,18
160.0,11419.0,18
123.0,10826.0,18
14.0,5794.0,18
110.0,10504.0,18
42.0,8010.0,18
135.0,11110.0,18
103.0,10322.0,18
1.0,4629.0,18
76.0,9561.0,18
16.0,6030.0,18
74.0,9462.0,18
171.0,11541.0,18
127.0,10952.0,18
54.0,8508.0,18
28.0,6944.0,18
83.0,9838.0,18
78.0,9637.0,18
105.0,10393.0,18
4.0,4970.0,18
48.0,8234.0,18
101.0,10287.0,18
50.0,8369.0,18
140.0,11207.0,18
51.0,8467.0,18
82.0,9815.0,18
88.0,9947.0,18
23.0,6512.0,18
20.0,6369.0,18
98.0,10185.0,18
115.0,10640.0,18
99.0,10246.0,18
6.0,5190.0,18
148.0,11320.0,18
108.0,10481.0,18
47.0,8156.0,18
7.0,5213.0,18
49.0,8313.0,18
58.0,8742.0,18
57.0,8683.0,18
9.0,5428.0,18
166.0,11506.0,18
17.0,6156.0,18
138.0,11133.0,18
106.0,10444.0,18
133.0,11064.0,18
11.0,5560.0,18
73.0,9426.0,18
113.0,10552.0,18
91.0,9999.0,18
151.0,11351.0,18
65.0,9042.0,18
2.0,4774.0,18
1.0,4629.0,18
169.0,11525.0,18
2.0,4774.0,18
3.0,4917.0,18
66.0,9081.0,18
60.0,8777.0,18
132.0,11023.0,18
61.0,8803.0,18
18.0,6158.0,18
129.0,10976.0,18
90.0,9969.0,18
68.0,9160.0,18
114.0,10633.0,18
86.0,9899.0,18
130.0,11005.0,18
28.0,6944.0,18
163.0,11464.0,18
163.0,11464.0,18
53.0,8482.0,18
152.0,11352.0,18
67.0,9145.0,18
77.0,9604.0,18
31.0,7224.0,18
139.0,11159.0,18
13.0,5792.0,18
62.0,8874.0,18
24.0,6579.0,18
41.0,7901.0,18
160.0,11419.0,18
11.0,5560.0,18
10.0,5455.0,18
21.0,6398.0,18
86.0,9899.0,18
62.0,8874.0,18
188.0,11588.0,4
0.0,4406.0,4
188.0,11588.0,4
0.0,4406.0,4
16.0,6105.0,4
48.0,8493.0,4
18.0,6253.0,4
35.0,7706.0,4
33.0,7468.0,4
14.0,5889.0,4
64.0,9179.0,4
174.0,11522.0,4
104.0,10385.0,4
107.0,10467.0,4
29.0,7221.0,4
133.0,11068.0,4
43.0,8046.0,4
94.0,10156.0,4
9.0,5414.0,4
5.0,5074.0,4
184.0,11587.0,4
150.0,11264.0,4
145.0,11245.0,4
13.0,5838.0,4
23.0,6766.0,4
118.0,10691.0,4
180.0,11586.0,4
45.0,8333.0,4
62.0,9050.0,4
67.0,9214.0,4
19.0,6392.0,4
154.0,11306.0,4
39.0,7883.0,4
20.0,6445.0,4
114.0,10584.0,4
97.0,10245.0,4
32.0,7437.0,4
28.0,7065.0,4
1.0,4629.0,4
117.0,10596.0,4
21.0,6583.0,4
22.0,6628.0,4
157.0,11360.0,4
71.0,9269.0,4
2.0,4772.0,4
3.0,4807.0,4
111.0,10559.0,4
38.0,7812.0,4
126.0,10864.0,4
8.0,5284.0,4
90.0,10068.0,4
162.0,11415.0,4
109.0,10525.0,4
6.0,5187.0,4
168.0,11504.0,4
141.0,11166.0,4
93.0,10074.0,4
83.0,9821.0,4
136.0,11082.0,4
40.0,8003.0,4
72.0,9398.0,4
143.0,11242.0,4
11.0,5556.0,4
164.0,11467.0,4
127.0,10904.0,4
37.0,7710.0,4
74.0,9490.0,4
60.0,8937.0,4
24.0,6832.0,4
98.0,10269.0,4
26.0,6956.0,4
79.0,9671.0,4
69.0,9257.0,4
59.0,8881.0,4
100.0,10340.0,4
85.0,9840.0,4
55.0,8841.0,4
25.0,6902.0,4
54.0,8756.0,4
12.0,5678.0,4
101.0,10362.0,4
86.0,9910.0,4
177.0,11583.0,4
44.0,8175.0,4
130.0,10932.0,4
152.0,11283.0,4
57.0,8844.0,4
77.0,9660.0,4
166.0,11489.0,4
61.0,9024.0,4
87.0,9961.0,4
27.0,7035.0,4
120.0,10757.0,4
138.0,11113.0,4
81.0,9755.0,4
75.0,9570.0,4
1.0,4629.0,4
4.0,4949.0,4
175.0,11580.0,4
30.0,7318.0,4
7.0,5242.0,4
51.0,8625.0,4
52.0,8665.0,4
73.0,9426.0,4
139.0,11152.0,4
53.0,8718.0,4
44.0,8175.0,4
76.0,9595.0,4
121.0,10761.0,4
89.0,9981.0,4
4.0,4949.0,4
123.0,10808.0,4
46.0,8370.0,4
80.0,9754.0,4
131.0,10946.0,4
12.0,5678.0,4
160.0,11374.0,4
30.0,7318.0,4
51.0,8625.0,4
10.0,5524.0,4
0.0,4406.0,1
181.0,11624.0,1
0.0,4406.0,1
24.0,6739.0,1
92.0,10134.0,1
71.0,9352.0,1
46.0,8055.0,1
100.0,10412.0,1
150.0,11414.0,1
39.0,7675.0,1
133.0,11141.0,1
5.0,5050.0,1
48.0,8118.0,1
170.0,11584.0,1
49.0,8260.0,1
12.0,5685.0,1
148.0,11353.0,1
155.0,11432.0,1
50.0,8358.0,1
178.0,11622.0,1
117.0,10800.0,1
78.0,9720.0,1
17.0,6136.0,1
131.0,11084.0,1
115.0,10715.0,1
9.0,5418.0,1
21.0,6366.0,1
14.0,5866.0,1
61.0,8835.0,1
145.0,11301.0,1
59.0,8755.0,1
80.0,9769.0,1
167.0,11555.0,1
28.0,6898.0,1
1.0,4630.0,1
82.0,9832.0,1
55.0,8678.0,1
85.0,9928.0,1
67.0,9140.0,1
13.0,5814.0,1
43.0,7959.0,1
23.0,6519.0,1
68.0,9252.0,1
113.0,10664.0,1
99.0,10347.0,1
137.0,11175.0,1
96.0,10313.0,1
36.0,7453.0,1
31.0,7062.0,1
26.0,6774.0,1
3.0,4915.0,1
10.0,5554.0,1
35.0,7347.0,1
29.0,7056.0,1
7.0,5335.0,1
22.0,6494.0,1
162.0,11502.0,1
16.0,5985.0,1
107.0,10531.0,1
76.0,9582.0,1
74.0,9480.0,1
65.0,9032.0,1
70.0,9280.0,1
77.0,9584.0,1
83.0,9912.0,1
62.0,8963.0,1
4.0,4938.0,1
104.0,10506.0,1
18.0,6209.0,1
120.0,10821.0,1
11.0,5578.0,1
87.0,10014.0,1
74.0,9480.0,1
53.0,8559.0,1
27.0,6868.0,1
34.0,7294.0,1
125.0,10990.0,1
124.0,10925.0,1
54.0,8576.0,1
37.0,7519.0,1
157.0,11447.0,1
143.0,11269.0,1
109.0,10535.0,1
123.0,10870.0,1
33.0,7225.0,1
52.0,8450.0,1
63.0,8970.0,1
6.0,5187.0,1
66.0,9071.0,1
140.0,11206.0,1
104.0,10506.0,1
174.0,11597.0,1
2.0,4774.0,1
1.0,4630.0,1
141.0,11265.0,1
2.0,4774.0,1
42.0,7818.0,1
95.0,10253.0,1
111.0,10616.0,1
6.0,5187.0,1
20.0,6282.0,1
174.0,11597.0,1
121.0,10853.0,1
41.0,7807.0,1
127.0,11007.0,1
88.0,10019.0,1
32.0,7185.0,1
8.0,5341.0,1
110.0,10605.0,1
60.0,8757.0,1
165.0,11515.0,1
16.0,5985.0,1
93.0,10180.0,1
159.0,11468.0,1
88.0,10019.0,1
160.0,11483.0,1
94.0,10212.0,1
19.0,6269.0,1
128.0,11038.0,1
138.0,11200.0,1
0.0,4428.0,24
178.0,11588.0,24
178.0,11588.0,24
0.0,4428.0,24
90.0,9968.0,24
99.0,10313.0,24
100.0,10432.0,24
84.0,9942.0,24
5.0,5114.0,24
81.0,9686.0,24
139.0,11118.0,24
22.0,6588.0,24
20.0,6489.0,24
169.0,11487.0,24
58.0,8889.0,24
117.0,10668.0,24
135.0,11077.0,24
27.0,7050.0,24
34.0,7550.0,24
13.0,5831.0,24
67.0,9355.0,24
65.0,9228.0,24
91.0,10103.0,24
164.0,11480.0,24
173.0,11544.0,24
76.0,9587.0,24
150.0,11243.0,24
60.0,8985.0,24
105.0,10464.0,24
24.0,6813.0,24
112.0,10661.0,24
72.0,9527.0,24
82.0,9867.0,24
56.0,8822.0,24
42.0,8076.0,24
17.0,6268.0,24
46.0,8340.0,24
43.0,8179.0,24
92.0,10187.0,24
61.0,9056.0,24
147.0,11233.0,24
118.0,10743.0,24
121.0,10760.0,24
145.0,11191.0,24
177.0,11580.0,24
3.0,4787.0,24
7.0,5239.0,24
12.0,5706.0,24
30.0,7187.0,24
1.0,4630.0,24
62.0,9158.0,24
15.0,5982.0,24
40.0,7953.0,24
2.0,4774.0,24
39.0,7842.0,24
95.0,10198.0,24
36.0,7654.0,24
26.0,6900.0,24
10.0,5517.0,24
70.0,9386.0,24
78.0,9671.0,24
54.0,8786.0,24
48.0,8437.0,24
8.0,5383.0,24
37.0,7768.0,24
71.0,9523.0,24
111.0,10638.0,24
16.0,6090.0,24
171.0,11527.0,24
48.0,8437.0,24
4.0,4938.0,24
131.0,10929.0,24
128.0,10851.0,24
52.0,8605.0,24
108.0,10538.0,24
6.0,5220.0,24
123.0,10790.0,24
154.0,11331.0,24
162.0,11471.0,24
41.0,7999.0,24
44.0,8252.0,24
129.0,10924.0,24
106.0,10476.0,24
132.0,11019.0,24
28.0,7136.0,24
19.0,6377.0,24
157.0,11386.0,24
11.0,5668.0,24
4.0,4938.0,24
142.0,11144.0,24
64.0,9173.0,24
51.0,8584.0,24
35.0,7615.0,24
1.0,4630.0,24
32.0,7425.0,24
133.0,11042.0,24
31.0,7324.0,24
156.0,11364.0,24
10.0,5517.0,24
8.0,5383.0,24
95.0,10198.0,24
160.0,11395.0,24
45.0,8300.0,24
143.0,11148.0,24
126.0,10830.0,24
25.0,6897.0,24
32.0,7425.0,24
77.0,9617.0,24
125.0,10804.0,24
152.0,11321.0,24
161.0,11397.0,24
23.0,6704.0,24
83.0,9870.0,24
38.0,7797.0,24
69.0,9372.0,24
53.0,8715.0,24
23.0,6704.0,24
19.0,6377.0,24
17.0,6268.0,24
16.0,6090.0,24
0.0,4406.0,17
195.0,11743.0,17
0.0,4406.0,17
107.0,10618.0,17
155.0,11375.0,17
119.0,10849.0,17
161.0,11460.0,17
40.0,7979.0,17
47.0,8454.0,17
28.0,6985.0,17
61.0,9185.0,17
29.0,7159.0,17
31.0,7236.0,17
185.0,11691.0,17
179.0,11687.0,17
78.0,9679.0,17
57.0,9030.0,17
133.0,11014.0,17
50.0,8536.0,17
52.0,8641.0,17
23.0,6669.0,17
111.0,10662.0,17
192.0,11734.0,17
13.0,5776.0,17
187.0,11733.0,17
60.0,9058.0,17
80.0,9825.0,17
53.0,8869.0,17
169.0,11606.0,17
147.0,11281.0,17
125.0,10859.0,17
101.0,10502.0,17
25.0,6731.0,17
138.0,11052.0,17
128.0,10987.0,17
46.0,8302.0,17
141.0,11107.0,17
64.0,9273.0,17
71.0,9555.0,17
7.0,5307.0,17
35.0,7665.0,17
56.0,8873.0,17
165.0,11558.0,17
10.0,5536.0,17
74.0,9621.0,17
116.0,10775.0,17
1.0,4630.0,17
93.0,10181.0,17
16.0,6032.0,17
19.0,6326.0,17
38.0,7865.0,17
36.0,7732.0,17
20.0,6383.0,17
32.0,7397.0,17
3.0,4908.0,17
41.0,8149.0,17
22.0,6527.0,17
87.0,10041.0,17
17.0,6099.0,17
84.0,9923.0,17
4.0,4936.0,17
96.0,10297.0,17
86.0,10010.0,17
8.0,5396.0,17
151.0,11318.0,17
95.0,10218.0,17
135.0,11048.0,17
113.0,10709.0,17
99.0,10436.0,17
21.0,6499.0,17
27.0,6857.0,17
90.0,10103.0,17
9.0,5461.0,17
68.0,9371.0,17
14.0,5895.0,17
15.0,5914.0,17
76.0,9633.0,17
37.0,7840.0,17
152.0,11322.0,17
70.0,9496.0,17
26.0,6841.0,17
145.0,11242.0,17
69.0,9423.0,17
11.0,5654.0,17
142.0,11184.0,17
12.0,5660.0,17
176.0,11683.0,17
101.0,10502.0,17
91.0,10107.0,17
45.0,8246.0,17
174.0,11679.0,17
2.0,4765.0,17
51.0,8627.0,17
114.0,10774.0,17
163.0,11478.0,17
127.0,10955.0,17
82.0,9834.0,17
97.0,10374.0,17
1.0,4630.0,17
2.0,4765.0,17
126.0,10886.0,17
144.0,11193.0,17
66.0,9322.0,17
6.0,5197.0,17
5.0,5065.0,17
34.0,7535.0,17
5.0,5065.0,17
34.0,7535.0,17
33.0,7407.0,17
44.0,8189.0,17
83.0,9886.0,17
18.0,6200.0,17
171.0,11637.0,17
164.0,11524.0,17
172.0,11652.0,17
43.0,8156.0,17
6.0,5197.0,17
18.0,6200.0,17
98.0,10395.0,17
65.0,9313.0,17
0.0,4428.0,10
180.0,11591.0,10
180.0,11591.0,10
0.0,4428.0,10
118.0,10604.0,10
111.0,10530.0,10
105.0,10330.0,10
138.0,11105.0,10
130.0,10971.0,10
153.0,11342.0,10
10.0,5467.0,10
122.0,10747.0,10
109.0,10431.0,10
93.0,10004.0,10
158.0,11377.0,10
60.0,8993.0,10
16.0,6025.0,10
97.0,10066.0,10
11.0,5624.0,10
166.0,11421.0,10
78.0,9572.0,10
63.0,9035.0,10
75.0,9486.0,10
127.0,10836.0,10
171.0,11518.0,10
119.0,10727.0,10
45.0,8115.0,10
53.0,8566.0,10
38.0,7770.0,10
168.0,11460.0,10
24.0,6811.0,10
2.0,4765.0,10
145.0,11212.0,10
126.0,10826.0,10
23.0,6724.0,10
51.0,8430.0,10
7.0,5227.0,10
141.0,11129.0,10
37.0,7626.0,10
149.0,11321.0,10
147.0,11312.0,10
173.0,11565.0,10
5.0,5114.0,10
44.0,7997.0,10
91.0,9961.0,10
161.0,11416.0,10
55.0,8634.0,10
17.0,6199.0,10
80.0,9599.0,10
133.0,11021.0,10
103.0,10226.0,10
98.0,10128.0,10
35.0,7619.0,10
143.0,11183.0,10
59.0,8856.0,10
28.0,7117.0,10
1.0,4629.0,10
84.0,9777.0,10
101.0,10151.0,10
73.0,9466.0,10
32.0,7415.0,10
30.0,7226.0,10
12.0,5710.0,10
176.0,11587.0,10
34.0,7502.0,10
81.0,9706.0,10
8.0,5365.0,10
52.0,8455.0,10
66.0,9222.0,10
57.0,8711.0,10
20.0,6436.0,10
19.0,6308.0,10
20.0,6436.0,10
22.0,6603.0,10
39.0,7844.0,10
133.0,11021.0,10
41.0,7856.0,10
22.0,6603.0,10
71.0,9415.0,10
6.0,5167.0,10
82.0,9740.0,10
48.0,8182.0,10
64.0,9145.0,10
29.0,7123.0,10
49.0,8289.0,10
47.0,8179.0,10
13.0,5773.0,10
14.0,5919.0,10
15.0,5941.0,10
3.0,4839.0,10
4.0,4982.0,10
30.0,7226.0,10
68.0,9300.0,10
86.0,9820.0,10
49.0,8289.0,10
110.0,10476.0,10
90.0,9866.0,10
1.0,4629.0,10
4.0,4982.0,10
71.0,9415.0,10
25.0,6938.0,10
33.0,7476.0,10
178.0,11589.0,10
87.0,9840.0,10
58.0,8831.0,10
42.0,7927.0,10
160.0,11404.0,10
67.0,9237.0,10
56.0,8702.0,10
26.0,7001.0,10
68.0,9300.0,10
102.0,10205.0,10
43.0,7935.0,10
17.0,6199.0,10
19.0,6308.0,10
89.0,9863.0,10
26.0,7001.0,10
8.0,5365.0,10
32.0,7415.0,10
64.0,9145.0,10
0.0,4406.0,11
0.0,4406.0,11
188.0,11587.0,11
136.0,11193.0,11
73.0,9577.0,11
1.0,4630.0,11
67.0,9359.0,11
143.0,11194.0,11
100.0,10448.0,11
133.0,11096.0,11
33.0,7488.0,11
166.0,11507.0,11
2.0,4723.0,11
28.0,7034.0,11
62.0,9105.0,11
31.0,7362.0,11
66.0,9173.0,11
113.0,10786.0,11
35.0,7583.0,11
41.0,8039.0,11
5.0,5065.0,11
3.0,4917.0,11
104.0,10511.0,11
176.0,11575.0,11
51.0,8588.0,11
59.0,8985.0,11
42.0,8176.0,11
153.0,11406.0,11
117.0,10859.0,11
23.0,6669.0,11
30.0,7259.0,11
160.0,11449.0,11
164.0,11470.0,11
88.0,10079.0,11
24.0,6779.0,11
83.0,9868.0,11
26.0,6911.0,11
20.0,6441.0,11
172.0,11536.0,11
85.0,9992.0,11
38.0,7849.0,11
18.0,6258.0,11
91.0,10114.0,11
70.0,9401.0,11
12.0,5770.0,11
11.0,5622.0,11
130.0,11048.0,11
50.0,8471.0,11
151.0,11378.0,11
96.0,10278.0,11
78.0,9699.0,11
47.0,8409.0,11
107.0,10614.0,11
183.0,11585.0,11
37.0,7727.0,11
4.0,4965.0,11
6.0,5208.0,11
8.0,5392.0,11
54.0,8811.0,11
43.0,8262.0,11
13.0,5800.0,11
64.0,9142.0,11
36.0,7698.0,11
149.0,11311.0,11
6.0,5208.0,11
92.0,10190.0,11
106.0,10537.0,11
56.0,8822.0,11
111.0,10762.0,11
99.0,10324.0,11
79.0,9748.0,11
57.0,8913.0,11
25.0,6872.0,11
52.0,8703.0,11
14.0,5915.0,11
16.0,6080.0,11
46.0,8294.0,11
122.0,10927.0,11
86.0,10021.0,11
22.0,6562.0,11
40.0,7932.0,11
179.0,11578.0,11
21.0,6544.0,11
81.0,9796.0,11
187.0,11586.0,11
10.0,5593.0,11
14.0,5915.0,11
8.0,5392.0,11
120.0,10895.0,11
145.0,11228.0,11
108.0,10693.0,11
72.0,9468.0,11
53.0,8715.0,11
109.0,10724.0,11
172.0,11536.0,11
93.0,10257.0,11
48.0,8451.0,11
124.0,10944.0,11
128.0,11035.0,11
124.0,10944.0,11
128.0,11035.0,11
98.0,10311.0,11
78.0,9699.0,11
181.0,11583.0,11
145.0,11228.0,11
149.0,11311.0,11
39.0,7916.0,11
157.0,11448.0,11
16.0,6080.0,11
157.0,11448.0,11
9.0,5507.0,11
29.0,7148.0,11
118.0,10892.0,11
29.0,7148.0,11
58.0,8954.0,11
82.0,9829.0,11
45.0,8283.0,11
71.0,9467.0,11
17.0,6159.0,11
19.0,6348.0,11
0.0,4428.0,3
184.0,11737.0,3
0.0,4428.0,3
134.0,11199.0,3
154.0,11509.0,3
149.0,11423.0,3
72.0,9327.0,3
74.0,9462.0,3
131.0,11091.0,3
17.0,6114.0,3
181.0,11735.0,3
97.0,10234.0,3
28.0,7058.0,3
160.0,11540.0,3
6.0,5197.0,3
145.0,11377.0,3
115.0,10786.0,3
20.0,6375.0,3
41.0,8089.0,3
65.0,9062.0,3
138.0,11237.0,3
33.0,7509.0,3
70.0,9259.0,3
122.0,10947.0,3
95.0,10163.0,3
86.0,9844.0,3
99.0,10333.0,3
50.0,8556.0,3
80.0,9673.0,3
152.0,11472.0,3
105.0,10505.0,3
167.0,11659.0,3
172.0,11693.0,3
13.0,5812.0,3
40.0,7955.0,3
84.0,9773.0,3
111.0,10703.0,3
14.0,5871.0,3
11.0,5545.0,3
24.0,6733.0,3
46.0,8335.0,3
57.0,8801.0,3
108.0,10574.0,3
120.0,10839.0,3
59.0,8860.0,3
116.0,10814.0,3
49.0,8433.0,3
3.0,4908.0,3
109.0,10602.0,3
27.0,6948.0,3
68.0,9119.0,3
22.0,6516.0,3
76.0,9518.0,3
1.0,4630.0,3
56.0,8723.0,3
25.0,6799.0,3
30.0,7207.0,3
89.0,9866.0,3
4.0,4934.0,3
18.0,6268.0,3
34.0,7529.0,3
26.0,6890.0,3
29.0,7193.0,3
176.0,11722.0,3
44.0,8286.0,3
31.0,7350.0,3
100.0,10404.0,3
21.0,6457.0,3
42.0,8179.0,3
69.0,9149.0,3
36.0,7663.0,3
15.0,5991.0,3
90.0,9983.0,3
48.0,8384.0,3
35.0,7660.0,3
102.0,10435.0,3
128.0,11039.0,3
141.0,11309.0,3
94.0,10060.0,3
78.0,9614.0,3
16.0,6010.0,3
163.0,11596.0,3
62.0,8962.0,3
31.0,7350.0,3
139.0,11301.0,3
83.0,9702.0,3
10.0,5507.0,3
104.0,10458.0,3
53.0,8563.0,3
121.0,10869.0,3
43.0,8229.0,3
2.0,4764.0,3
7.0,5301.0,3
38.0,7884.0,3
170.0,11692.0,3
12.0,5685.0,3
125.0,11007.0,3
37.0,7800.0,3
77.0,9586.0,3
161.0,11553.0,3
9.0,5435.0,3
7.0,5301.0,3
5.0,5063.0,3
2.0,4764.0,3
1.0,4630.0,3
176.0,11722.0,3
129.0,11056.0,3
55.0,8639.0,3
5.0,5063.0,3
12.0,5685.0,3
64.0,8975.0,3
111.0,10703.0,3
54.0,8633.0,3
168.0,11669.0,3
23.0,6621.0,3
9.0,5435.0,3
125.0,11007.0,3
39.0,7904.0,3
61.0,8894.0,3
18.0,6268.0,3
0.0,4406.0,28
184.0,11575.0,28
0.0,4406.0,28
153.0,11339.0,28
31.0,7268.0,28
33.0,7458.0,28
137.0,11076.0,28
17.0,6151.0,28
58.0,8937.0,28
38.0,7851.0,28
22.0,6514.0,28
57.0,8791.0,28
5.0,5068.0,28
133.0,11008.0,28
75.0,9649.0,28
19.0,6221.0,28
127.0,10900.0,28
72.0,9593.0,28
69.0,9445.0,28
7.0,5226.0,28
16.0,5998.0,28
29.0,7087.0,28
10.0,5534.0,28
119.0,10737.0,28
8.0,5392.0,28
37.0,7662.0,28
47.0,8366.0,28
71.0,9509.0,28
14.0,5891.0,28
1.0,4630.0,28
62.0,9129.0,28
24.0,6647.0,28
49.0,8388.0,28
28.0,6989.0,28
113.0,10643.0,28
30.0,7199.0,28
26.0,6828.0,28
25.0,6724.0,28
63.0,9251.0,28
159.0,11428.0,28
43.0,8011.0,28
35.0,7550.0,28
141.0,11156.0,28
83.0,9922.0,28
41.0,7982.0,28
67.0,9369.0,28
90.0,10097.0,28
130.0,10934.0,28
40.0,7875.0,28
96.0,10210.0,28
3.0,4915.0,28
59.0,9046.0,28
180.0,11537.0,28
27.0,6905.0,28
111.0,10587.0,28
86.0,9961.0,28
172.0,11527.0,28
6.0,5176.0,28
139.0,11115.0,28
53.0,8642.0,28
92.0,10150.0,28
125.0,10831.0,28
20.0,6332.0,28
50.0,8510.0,28
9.0,5417.0,28
56.0,8693.0,28
94.0,10166.0,28
81.0,9902.0,28
13.0,5755.0,28
104.0,10467.0,28
155.0,11381.0,28
23.0,6541.0,28
89.0,10015.0,28
162.0,11457.0,28
148.0,11267.0,28
46.0,8239.0,28
157.0,11395.0,28
117.0,10673.0,28
170.0,11524.0,28
102.0,10427.0,28
61.0,9066.0,28
79.0,9800.0,28
122.0,10750.0,28
145.0,11224.0,28
166.0,11488.0,28
182.0,11540.0,28
167.0,11520.0,28
132.0,10957.0,28
98.0,10258.0,28
2.0,4765.0,28
20.0,6332.0,28
52.0,8536.0,28
44.0,8120.0,28
163.0,11481.0,28
116.0,10652.0,28
15.0,5941.0,28
106.0,10484.0,28
80.0,9824.0,28
78.0,9703.0,28
100.0,10358.0,28
99.0,10284.0,28
65.0,9348.0,28
13.0,5755.0,28
11.0,5618.0,28
64.0,9308.0,28
2.0,4765.0,28
1.0,4630.0,28
4.0,4934.0,28
77.0,9698.0,28
87.0,10005.0,28
54.0,8691.0,28
144.0,11174.0,28
176.0,11529.0,28
11.0,5618.0,28
110.0,10521.0,28
147.0,11254.0,28
46.0,8239.0,28
44.0,8120.0,28
176.0,11529.0,28
37.0,7662.0,28
183.0,11584.0,9
0.0,4428.0,9
0.0,4428.0,9
84.0,9752.0,9
88.0,9851.0,9
41.0,7934.0,9
99.0,10155.0,9
117.0,10793.0,9
152.0,11351.0,9
144.0,11349.0,9
54.0,8511.0,9
24.0,6773.0,9
82.0,9668.0,9
91.0,9985.0,9
61.0,8768.0,9
26.0,6910.0,9
164.0,11461.0,9
46.0,8189.0,9
70.0,9136.0,9
108.0,10529.0,9
101.0,10329.0,9
43.0,8129.0,9
72.0,9257.0,9
96.0,10030.0,9
58.0,8658.0,9
10.0,5516.0,9
111.0,10598.0,9
177.0,11532.0,9
154.0,11417.0,9
8.0,5379.0,9
21.0,6549.0,9
107.0,10423.0,9
7.0,5250.0,9
141.0,11184.0,9
14.0,5935.0,9
130.0,10994.0,9
158.0,11446.0,9
48.0,8323.0,9
20.0,6376.0,9
27.0,7005.0,9
28.0,7092.0,9
6.0,5181.0,9
115.0,10658.0,9
16.0,6012.0,9
120.0,10824.0,9
81.0,9518.0,9
171.0,11521.0,9
104.0,10409.0,9
90.0,9915.0,9
36.0,7626.0,9
174.0,11523.0,9
3.0,4908.0,9
68.0,9074.0,9
1.0,4630.0,9
4.0,4938.0,9
143.0,11342.0,9
168.0,11506.0,9
55.0,8586.0,9
142.0,11188.0,9
12.0,5761.0,9
33.0,7527.0,9
137.0,11110.0,9
64.0,8930.0,9
133.0,11082.0,9
128.0,10966.0,9
35.0,7554.0,9
9.0,5451.0,9
17.0,6188.0,9
37.0,7727.0,9
132.0,11080.0,9
29.0,7186.0,9
51.0,8387.0,9
76.0,9381.0,9
166.0,11479.0,9
22.0,6575.0,9
65.0,9013.0,9
39.0,7826.0,9
102.0,10367.0,9
79.0,9443.0,9
123.0,10897.0,9
121.0,10892.0,9
57.0,8630.0,9
40.0,7879.0,9
11.0,5662.0,9
137.0,11110.0,9
49.0,8333.0,9
1.0,4630.0,9
2.0,4771.0,9
77.0,9417.0,9
66.0,9051.0,9
44.0,8135.0,9
98.0,10081.0,9
38.0,7759.0,9
2.0,4771.0,9
62.0,8851.0,9
113.0,10622.0,9
75.0,9293.0,9
158.0,11446.0,9
51.0,8387.0,9
5.0,5070.0,9
19.0,6367.0,9
180.0,11576.0,9
30.0,7217.0,9
31.0,7339.0,9
13.0,5816.0,9
63.0,8864.0,9
126.0,10928.0,9
15.0,6009.0,9
74.0,9287.0,9
80.0,9493.0,9
5.0,5070.0,9
125.0,10927.0,9
153.0,11358.0,9
18.0,6289.0,9
17.0,6188.0,9
31.0,7339.0,9
32.0,7440.0,9
23.0,6672.0,9
11.0,5662.0,9
23.0,6672.0,9
187.0,11589.0,6
0.0,4428.0,6
187.0,11589.0,6
0.0,4428.0,6
122.0,10791.0,6
32.0,7176.0,6
137.0,11096.0,6
29.0,6932.0,6
34.0,7456.0,6
95.0,10065.0,6
127.0,10852.0,6
101.0,10296.0,6
139.0,11210.0,6
173.0,11558.0,6
42.0,7857.0,6
70.0,9147.0,6
17.0,6101.0,6
41.0,7691.0,6
133.0,11028.0,6
48.0,8114.0,6
56.0,8542.0,6
30.0,7167.0,6
181.0,11588.0,6
27.0,6876.0,6
72.0,9270.0,6
11.0,5520.0,6
91.0,9863.0,6
50.0,8254.0,6
148.0,11266.0,6
75.0,9395.0,6
9.0,5456.0,6
97.0,10228.0,6
53.0,8470.0,6
87.0,9841.0,6
168.0,11455.0,6
58.0,8591.0,6
19.0,6243.0,6
37.0,7508.0,6
26.0,6745.0,6
177.0,11585.0,6
119.0,10695.0,6
52.0,8411.0,6
46.0,8008.0,6
81.0,9623.0,6
24.0,6625.0,6
112.0,10573.0,6
45.0,7880.0,6
68.0,9089.0,6
74.0,9291.0,6
96.0,10202.0,6
1.0,4629.0,6
14.0,5867.0,6
93.0,9953.0,6
40.0,7613.0,6
51.0,8293.0,6
22.0,6464.0,6
7.0,5336.0,6
83.0,9679.0,6
4.0,4929.0,6
150.0,11318.0,6
114.0,10627.0,6
59.0,8703.0,6
38.0,7572.0,6
18.0,6143.0,6
85.0,9809.0,6
110.0,10537.0,6
153.0,11361.0,6
116.0,10647.0,6
80.0,9546.0,6
109.0,10471.0,6
15.0,5930.0,6
62.0,8773.0,6
84.0,9738.0,6
143.0,11224.0,6
132.0,10971.0,6
130.0,10939.0,6
63.0,8832.0,6
21.0,6360.0,6
8.0,5348.0,6
25.0,6685.0,6
104.0,10319.0,6
143.0,11224.0,6
79.0,9488.0,6
65.0,8947.0,6
20.0,6342.0,6
64.0,8897.0,6
158.0,11385.0,6
164.0,11449.0,6
60.0,8740.0,6
47.0,8056.0,6
1.0,4629.0,6
2.0,4772.0,6
3.0,4915.0,6
2.0,4772.0,6
6.0,5194.0,6
106.0,10420.0,6
105.0,10339.0,6
5.0,5068.0,6
154.0,11381.0,6
13.0,5768.0,6
12.0,5636.0,6
92.0,9944.0,6
107.0,10441.0,6
6.0,5194.0,6
5.0,5068.0,6
118.0,10688.0,6
170.0,11502.0,6
157.0,11382.0,6
179.0,11587.0,6
12.0,5636.0,6
67.0,9020.0,6
66.0,9014.0,6
23.0,6514.0,6
128.0,10923.0,6
77.0,9466.0,6
161.0,11417.0,6
161.0,11417.0,6
15.0,5930.0,6
13.0,5768.0,6
170.0,11502.0,6
189.0,11584.0,21
0.0,4406.0,21
189.0,11584.0,21
0.0,4406.0,21
30.0,7379.0,21
125.0,10980.0,21
55.0,8844.0,21
43.0,8143.0,21
27.0,7007.0,21
33.0,7582.0,21
64.0,9172.0,21
123.0,10818.0,21
97.0,10234.0,21
56.0,9010.0,21
5.0,5114.0,21
51.0,8653.0,21
45.0,8298.0,21
162.0,11477.0,21
18.0,6295.0,21
46.0,8352.0,21
71.0,9475.0,21
68.0,9390.0,21
25.0,6951.0,21
24.0,6744.0,21
66.0,9321.0,21
143.0,11251.0,21
100.0,10313.0,21
140.0,11192.0,21
39.0,7925.0,21
28.0,7208.0,21
16.0,6146.0,21
76.0,9507.0,21
12.0,5702.0,21
77.0,9617.0,21
42.0,8040.0,21
135.0,11039.0,21
95.0,10152.0,21
183.0,11576.0,21
8.0,5382.0,21
112.0,10593.0,21
145.0,11285.0,21
11.0,5655.0,21
176.0,11544.0,21
1.0,4629.0,21
3.0,4803.0,21
38.0,7779.0,21
148.0,11326.0,21
2.0,4765.0,21
131.0,10981.0,21
58.0,9067.0,21
19.0,6423.0,21
82.0,9761.0,21
119.0,10729.0,21
121.0,10779.0,21
158.0,11462.0,21
79.0,9667.0,21
103.0,10408.0,21
115.0,10644.0,21
117.0,10688.0,21
186.0,11578.0,21
136.0,11125.0,21
20.0,6466.0,21
172.0,11540.0,21
40.0,7983.0,21
167.0,11529.0,21
84.0,9837.0,21
17.0,6197.0,21
73.0,9494.0,21
14.0,5892.0,21
138.0,11160.0,21
62.0,9119.0,21
106.0,10413.0,21
150.0,11347.0,21
28.0,7208.0,21
9.0,5423.0,21
102.0,10326.0,21
80.0,9742.0,21
60.0,9106.0,21
4.0,4949.0,21
170.0,11539.0,21
53.0,8720.0,21
6.0,5207.0,21
179.0,11575.0,21
108.0,10434.0,21
13.0,5853.0,21
15.0,5997.0,21
7.0,5233.0,21
87.0,9952.0,21
35.0,7666.0,21
4.0,4949.0,21
10.0,5515.0,21
22.0,6682.0,21
89.0,10002.0,21
1.0,4629.0,21
153.0,11351.0,21
155.0,11426.0,21
92.0,10027.0,21
85.0,9874.0,21
109.0,10489.0,21
48.0,8480.0,21
113.0,10602.0,21
93.0,10112.0,21
34.0,7595.0,21
86.0,9930.0,21
21.0,6581.0,21
35.0,7666.0,21
38.0,7779.0,21
154.0,11369.0,21
157.0,11427.0,21
49.0,8545.0,21
67.0,9341.0,21
178.0,11574.0,21
15.0,5997.0,21
53.0,8720.0,21
109.0,10489.0,21
165.0,11501.0,21
48.0,8480.0,21
49.0,8545.0,21
21.0,6581.0,21
132.0,11003.0,21
185.0,11794.0,5
185.0,11794.0,5
0.0,4428.0,5
0.0,4428.0,5
134.0,11162.0,5
122.0,11120.0,5
110.0,10569.0,5
148.0,11504.0,5
112.0,10714.0,5
173.0,11773.0,5
155.0,11547.0,5
180.0,11778.0,5
34.0,7554.0,5
14.0,5951.0,5
105.0,10491.0,5
37.0,7815.0,5
20.0,6447.0,5
16.0,6114.0,5
33.0,7380.0,5
121.0,11060.0,5
22.0,6493.0,5
140.0,11275.0,5
117.0,10736.0,5
47.0,8337.0,5
6.0,5126.0,5
64.0,9092.0,5
31.0,7338.0,5
75.0,9587.0,5
10.0,5602.0,5
9.0,5440.0,5
78.0,9644.0,5
146.0,11418.0,5
5.0,5050.0,5
120.0,10872.0,5
81.0,9780.0,5
157.0,11564.0,5
44.0,8192.0,5
46.0,8244.0,5
143.0,11336.0,5
26.0,6918.0,5
19.0,6274.0,5
79.0,9714.0,5
40.0,8029.0,5
49.0,8438.0,5
11.0,5652.0,5
24.0,6790.0,5
98.0,10219.0,5
1.0,4630.0,5
8.0,5392.0,5
3.0,4917.0,5
17.0,6168.0,5
138.0,11211.0,5
50.0,8472.0,5
82.0,9867.0,5
89.0,10071.0,5
38.0,7957.0,5
54.0,8648.0,5
169.0,11772.0,5
36.0,7680.0,5
183.0,11785.0,5
92.0,10099.0,5
100.0,10293.0,5
4.0,4924.0,5
84.0,9894.0,5
164.0,11715.0,5
118.0,10795.0,5
136.0,11199.0,5
25.0,6821.0,5
35.0,7679.0,5
161.0,11675.0,5
51.0,8593.0,5
88.0,10026.0,5
94.0,10178.0,5
28.0,7124.0,5
144.0,11380.0,5
59.0,8838.0,5
96.0,10209.0,5
169.0,11772.0,5
23.0,6653.0,5
58.0,8770.0,5
67.0,9233.0,5
2.0,4764.0,5
7.0,5278.0,5
55.0,8700.0,5
57.0,8719.0,5
72.0,9449.0,5
84.0,9894.0,5
18.0,6270.0,5
30.0,7200.0,5
104.0,10443.0,5
23.0,6653.0,5
73.0,9546.0,5
43.0,8096.0,5
160.0,11619.0,5
52.0,8597.0,5
1.0,4630.0,5
2.0,4764.0,5
62.0,8959.0,5
88.0,10026.0,5
71.0,9438.0,5
101.0,10313.0,5
66.0,9162.0,5
69.0,9311.0,5
12.0,5772.0,5
102.0,10383.0,5
163.0,11705.0,5
27.0,7005.0,5
68.0,9276.0,5
119.0,10865.0,5
7.0,5278.0,5
39.0,7959.0,5
65.0,9147.0,5
61.0,8900.0,5
60.0,8891.0,5
103.0,10393.0,5
62.0,8959.0,5
13.0,5868.0,5
12.0,5772.0,5
27.0,7005.0,5
13.0,5868.0,5
0.0,4406.0,22
187.0,11579.0,22
187.0,11579.0,22
0.0,4406.0,22
166.0,11544.0,22
142.0,11396.0,22
158.0,11401.0,22
182.0,11573.0,22
128.0,11126.0,22
45.0,8292.0,22
160.0,11513.0,22
90.0,10134.0,22
43.0,8171.0,22
132.0,11207.0,22
141.0,11259.0,22
37.0,7684.0,22
126.0,11046.0,22
29.0,7170.0,22
3.0,4917.0,22
107.0,10606.0,22
48.0,8368.0,22
78.0,9719.0,22
72.0,9564.0,22
109.0,10725.0,22
123.0,11008.0,22
26.0,6869.0,22
53.0,8658.0,22
50.0,8554.0,22
27.0,7033.0,22
60.0,9059.0,22
21.0,6539.0,22
121.0,10945.0,22
7.0,5335.0,22
54.0,8819.0,22
137.0,11243.0,22
96.0,10319.0,22
49.0,8439.0,22
1.0,4629.0,22
75.0,9642.0,22
102.0,10439.0,22
59.0,8939.0,22
103.0,10546.0,22
85.0,9975.0,22
42.0,8038.0,22
14.0,5866.0,22
98.0,10368.0,22
13.0,5850.0,22
94.0,10255.0,22
22.0,6635.0,22
82.0,9878.0,22
35.0,7580.0,22
30.0,7307.0,22
2.0,4727.0,22
135.0,11217.0,22
65.0,9172.0,22
8.0,5392.0,22
100.0,10405.0,22
32.0,7364.0,22
4.0,4957.0,22
67.0,9228.0,22
57.0,8866.0,22
23.0,6699.0,22
28.0,7076.0,22
10.0,5581.0,22
62.0,9106.0,22
18.0,6313.0,22
81.0,9757.0,22
118.0,10922.0,22
92.0,10235.0,22
112.0,10793.0,22
11.0,5618.0,22
24.0,6775.0,22
41.0,8002.0,22
19.0,6332.0,22
86.0,9976.0,22
39.0,7905.0,22
114.0,10833.0,22
74.0,9613.0,22
159.0,11430.0,22
70.0,9362.0,22
34.0,7569.0,22
15.0,6013.0,22
12.0,5704.0,22
110.0,10784.0,22
6.0,5191.0,22
63.0,9155.0,22
91.0,10166.0,22
118.0,10922.0,22
40.0,7916.0,22
68.0,9275.0,22
25.0,6821.0,22
71.0,9434.0,22
6.0,5191.0,22
5.0,5063.0,22
114.0,10833.0,22
69.0,9322.0,22
15.0,6013.0,22
16.0,6138.0,22
183.0,11576.0,22
186.0,11578.0,22
86.0,9976.0,22
80.0,9748.0,22
38.0,7797.0,22
17.0,6201.0,22
58.0,8883.0,22
38.0,7797.0,22
5.0,5063.0,22
20.0,6433.0,22
33.0,7469.0,22
20.0,6433.0,22
33.0,7469.0,22
2.0,4727.0,22
9.0,5483.0,22
1.0,4629.0,22
82.0,9878.0,22
31.0,7323.0,22
9.0,5483.0,22
52.0,8609.0,22
12.0,5704.0,22
71.0,9434.0,22
0.0,4428.0,26
0.0,4428.0,26
182.0,11607.0,26
182.0,11607.0,26
177.0,11573.0,26
171.0,11572.0,26
152.0,11414.0,26
69.0,9297.0,26
147.0,11311.0,26
15.0,6009.0,26
65.0,9252.0,26
17.0,6100.0,26
40.0,7896.0,26
5.0,5032.0,26
133.0,10997.0,26
104.0,10354.0,26
73.0,9359.0,26
48.0,8337.0,26
29.0,7141.0,26
102.0,10317.0,26
155.0,11440.0,26
30.0,7313.0,26
62.0,9017.0,26
96.0,10107.0,26
166.0,11553.0,26
55.0,8749.0,26
59.0,8918.0,26
143.0,11231.0,26
7.0,5335.0,26
36.0,7595.0,26
37.0,7706.0,26
9.0,5472.0,26
142.0,11140.0,26
110.0,10511.0,26
91.0,9984.0,26
10.0,5592.0,26
14.0,5856.0,26
139.0,11110.0,26
100.0,10204.0,26
26.0,6948.0,26
158.0,11481.0,26
99.0,10178.0,26
12.0,5735.0,26
75.0,9384.0,26
79.0,9614.0,26
114.0,10592.0,26
35.0,7502.0,26
49.0,8462.0,26
77.0,9492.0,26
1.0,4630.0,26
137.0,11033.0,26
112.0,10523.0,26
146.0,11267.0,26
131.0,10941.0,26
47.0,8218.0,26
43.0,8134.0,26
23.0,6649.0,26
125.0,10859.0,26
25.0,6875.0,26
84.0,9758.0,26
18.0,6244.0,26
11.0,5655.0,26
90.0,9904.0,26
83.0,9674.0,26
20.0,6366.0,26
21.0,6505.0,26
127.0,10884.0,26
61.0,8956.0,26
8.0,5392.0,26
58.0,8785.0,26
129.0,10919.0,26
27.0,7053.0,26
41.0,8028.0,26
162.0,11504.0,26
118.0,10718.0,26
93.0,10055.0,26
107.0,10444.0,26
164.0,11551.0,26
122.0,10784.0,26
13.0,5829.0,26
4.0,4937.0,26
6.0,5187.0,26
86.0,9781.0,26
64.0,9137.0,26
123.0,10814.0,26
2.0,4764.0,26
3.0,4915.0,26
24.0,6800.0,26
88.0,9881.0,26
52.0,8573.0,26
6.0,5187.0,26
76.0,9490.0,26
107.0,10444.0,26
42.0,8030.0,26
117.0,10639.0,26
32.0,7405.0,26
21.0,6505.0,26
23.0,6649.0,26
160.0,11498.0,26
87.0,9834.0,26
2.0,4764.0,26
1.0,4630.0,26
31.0,7363.0,26
38.0,7798.0,26
94.0,10076.0,26
81.0,9656.0,26
45.0,8143.0,26
28.0,7083.0,26
116.0,10612.0,26
18.0,6244.0,26
20.0,6366.0,26
64.0,9137.0,26
138.0,11039.0,26
57.0,8782.0,26
46.0,8183.0,26
34.0,7429.0,26
49.0,8462.0,26
52.0,8573.0,26
53.0,8643.0,26
53.0,8643.0,26
